word,frequency,sentiment
fire,457,-0.34
northern,114,0.0
californias,110,0.0
victims,76,-0.3182
wine,71,0.0
news,61,0.0
deadly,54,0.0
country,51,0.0
help,49,0.4019
home,49,0.0
fires,47,0.0
via,42,0.0
now,38,0.0
people,38,0.0
video,36,0.0
dead,35,-0.6486
new,34,0.0
family,33,0.0
dog,31,0.0
amp,30,0.0
us,30,0.0
santa,29,0.0
relief,29,0.4767
smoke,28,0.0
firefighters,27,0.0
weather,26,0.0
toll,26,0.0
destroyed,26,-0.4939
will,26,0.0
trump,25,0.0
photos,25,0.0
just,24,0.0
napa,24,0.0
devastating,24,-0.6486
killed,23,-0.6705
southern,23,0.0
cannabis,23,0.0
show,22,0.0
can,22,0.0
still,22,0.0
like,22,0.3612
photo,22,0.0
one,21,0.0
sonoma,21,0.0
crews,21,0.0
today,20,0.0
images,20,0.0
watch,19,0.0
death,19,-0.5994
burns,19,0.0
burned,19,0.0
couple,18,0.0
pgampe,18,0.0
lost,18,-0.3182
leave,18,-0.0516
raging,17,-0.5267
among,17,0.0
winds,17,0.0
state,17,0.0
says,17,0.0
affected,17,-0.1531
amid,17,0.0
shows,17,0.0
santarosa,17,0.0
least,16,0.0
left,16,0.0
aid,16,0.0
space,16,0.0
marijuana,16,0.0
damage,16,-0.4939
across,16,0.0
rosa,16,0.0
bay,16,0.0
go,15,0.0
fighting,15,-0.3612
latest,15,0.0
battle,15,-0.3818
homes,15,0.0
evacuees,15,0.0
aftermath,15,0.0
residents,15,0.0
seen,14,0.0
burn,14,0.0
right,14,0.0
usa,14,0.0
missing,14,-0.296
insurance,14,0.0
devastation,14,-0.4215
week,14,0.0
story,14,0.0
near,14,0.0
flames,14,0.0
area,13,0.0
brush,13,0.0
emergency,13,-0.3818
tonight,13,0.0
red,13,0.0
north,13,0.0
ravaged,13,0.0
forest,13,0.0
destruction,13,-0.5719
next,13,0.0
county,13,0.0
thousands,13,0.0
rain,13,0.0
burning,12,0.0
fight,12,-0.3818
escaping,12,0.0516
update,12,0.0
behind,12,0.0
say,12,0.0
woman,12,0.0
nasa,12,0.0
animals,12,0.0
helping,12,0.296
billion,12,0.0
back,12,0.0
get,12,0.0
disaster,12,-0.6249
risk,12,-0.2732
evacuation,12,0.0
ca,12,0.0
losses,12,-0.4019
massive,12,0.0
years,11,0.0
support,11,0.4019
health,11,0.0
find,11,0.0
ravage,11,0.0
live,11,0.0
response,11,0.0
industry,11,0.0
air,11,0.0
house,11,0.0
climate,11,0.0
make,11,0.0
usrc,11,0.0
worse,11,-0.4767
evacuations,11,0.0
map,11,0.0
got,11,0.0
hit,10,0.0
even,10,0.0
man,10,0.0
oak,10,0.0
efforts,10,0.0
illegal,10,-0.5574
disneyland,10,0.0
expected,10,0.0
san,10,0.0
footage,10,0.0
kill,10,-0.6908
satellite,10,0.0
californiawildfires,10,0.0
destroy,10,-0.5423
survivors,10,0.0
city,10,0.0
know,10,0.0
continue,10,0.0
day,10,0.0
tubbs,10,0.0
station,10,0.0
return,10,0.0
caused,10,0.0
drone,10,0.0
started,9,0.0
may,9,0.0
dozens,9,0.0
recovery,9,0.0
takes,9,0.0
impacted,9,0.0
safe,9,0.4404
gets,9,0.0
save,9,0.4939
rage,9,-0.5574
oct,9,0.0
power,9,0.0
wild,9,0.0
grove,9,0.0
conditions,9,0.0
world,9,0.0
housing,9,0.0
due,9,0.0
days,9,0.0
evacuated,9,0.0
full,9,0.0
crew,9,0.0
blazes,9,0.0
escape,9,0.1779
community,9,0.0
blaze,9,0.0
trees,9,0.0
washington,9,0.0
acres,9,0.0
fleeing,9,0.0
battling,9,-0.2732
evacuate,8,0.0
night,8,0.0
heat,8,0.0
trying,8,0.0
survived,8,0.5106
loss,8,-0.3182
benefit,8,0.4588
need,8,0.0
ash,8,0.0
cruz,8,0.0
shares,8,0.296
alive,8,0.3818
canyon,8,0.0
dont,8,0.0
damages,8,-0.4404
displaced,8,0.0
history,8,0.0
usnews,8,0.0
getting,8,0.0
goats,8,0.0
neighborhoods,8,0.0
portugal,8,0.0
event,8,0.0
tubbsfire,8,0.0
rises,8,0.0
loses,8,-0.3182
million,8,0.0
devastated,8,-0.6124
two,8,0.0
looks,7,0.0
force,7,0.0
public,7,0.0
share,7,0.296
together,7,0.0
image,7,0.0
helps,7,0.3818
yet,7,0.0
starting,7,0.0
town,7,0.0
another,7,0.0
beautiful,7,0.5994
time,7,0.0
areas,7,0.0
heres,7,0.0
crops,7,0.0
please,7,0.3182
claim,7,0.0
updates,7,0.0
keep,7,0.0
destructive,7,-0.6124
native,7,0.0
care,7,0.4939
videos,7,0.0
farms,7,0.0
pot,7,0.0
set,7,0.0
cross,7,0.0
click,7,0.0
travel,7,0.0
reuters,7,0.0
spain,7,0.0
hope,7,0.4404
local,7,0.0
abc,7,0.0
daily,7,0.0
hot,7,0.0
buildings,7,0.0
foxnews,7,0.0
wineries,7,0.0
structures,7,0.0
fox,7,0.0
finds,7,0.0
weed,7,0.0
details,7,0.0
escapes,7,0.128
american,6,0.0
media,6,0.0
caught,6,0.0
rise,6,0.0
sun,6,0.0
record,6,0.0
oregon,6,0.0
elderly,6,0.0
ruins,6,-0.4404
long,6,0.0
sky,6,0.0
check,6,0.0
team,6,0.0
nytimes,6,0.0
going,6,0.0
apocalyptic,6,-0.6597
dangerous,6,-0.4767
york,6,0.0
early,6,0.0
alert,6,0.296
saved,6,0.4215
colorado,6,0.0
pets,6,0.0
immigrant,6,0.0
impact,6,0.0
gain,6,0.5267
napafire,6,0.0
windows,6,0.0
calistoga,6,0.0
firefighter,6,0.0
coming,6,0.0
medical,6,0.0
hill,6,0.0
scorch,6,0.0
sweeping,6,0.0
free,6,0.5106
lives,6,0.0
school,6,0.0
stop,6,-0.296
died,6,-0.5574
start,6,0.0
donate,6,0.0
federal,6,0.0
supplies,6,0.0
friends,6,0.4767
legal,6,0.128
flee,6,0.0
october,6,0.0
really,6,0.0
communities,6,0.0
danger,6,-0.5267
spread,6,0.0
parts,6,0.0
nurse,6,0.0
view,6,0.0
flag,6,0.0
anaheim,6,0.0
kakenews,6,0.0
look,6,0.0
harrowing,6,0.0
officials,6,0.0
change,6,0.0
morning,6,0.0
threaten,6,-0.3818
glass,6,0.0
building,6,0.0
crisis,6,-0.6249
counties,6,0.0
ten,6,0.0
containment,5,0.0
families,5,0.0
losing,5,-0.3818
want,5,0.0772
winery,5,0.0
property,5,0.0
entire,5,0.0
search,5,0.0
ready,5,0.3612
growing,5,0.1779
refinery,5,0.0
everything,5,0.0
governor,5,0.0
money,5,0.0
god,5,0.2732
economy,5,0.0
bring,5,0.0
utility,5,0.0
many,5,0.0
destroys,5,-0.5574
better,5,0.4404
worsen,5,-0.5106
vineyards,5,0.0
commissioner,5,0.0
slideshow,5,0.0
intense,5,0.0772
gtgt,5,0.0
begin,5,0.0
contain,5,0.0
victim,5,-0.2732
cat,5,0.0
sheriff,5,0.0
hero,5,0.5574
cnn,5,0.0
rising,5,0.0
hills,5,0.0
call,5,0.0
crazy,5,-0.34
storm,5,0.0
reuterscalifornia,5,0.0
pool,5,0.0
injuries,5,0.0
cejudo,5,0.0
henry,5,0.0
ashes,5,0.0
deadliest,5,0.0
offers,5,0.0
states,5,0.0
stunning,5,0.3818
comic,5,0.0
socialmedia,5,0.0
ground,5,0.0
pictures,5,0.0
growers,5,0.0
info,5,0.0
sunset,5,0.0
bad,5,-0.5423
terrifying,5,-0.5719
medal,5,0.4767
made,5,0.0
provide,5,0.0
starts,5,0.0
orange,5,0.0
post,5,0.0
hits,5,0.0
survival,5,0.0
every,5,0.0
ice,5,0.0
national,5,0.0
forests,5,0.0
alien,5,0.0
water,5,0.0
come,5,0.0
fieri,5,0.0
guy,5,0.0
life,5,0.0
fireravaged,5,0.0
catastrophic,5,-0.4939
things,5,0.0
worst,5,-0.6249
former,5,0.0
department,5,0.0
afternoon,5,0.0
also,5,0.0
dogs,5,0.0
much,5,0.0
problem,5,-0.4019
firestricken,5,0.0
ktvu,5,0.0
potus,5,0.0
lines,5,0.0
picture,5,0.0
playing,5,0.2023
last,5,0.0
contained,5,0.0
company,5,0.0
kronnews,5,0.0
use,5,0.0
critical,5,-0.3182
friend,5,0.4939
take,5,0.0
message,5,0.0
gofundme,5,0.0
strike,5,-0.128
evacuating,5,0.0
control,5,0.0
raise,5,0.0
cant,5,0.0
theyre,5,0.0
action,5,0.0
rescue,5,0.5106
police,5,0.0
nyt,4,0.0
firefighting,4,0.0
funds,4,0.0
mount,4,0.0
assistance,4,0.0
thanks,4,0.4404
wow,4,0.5859
tf,4,0.0
realdonaldtrump,4,0.0
wilson,4,0.0
lol,4,0.4215
turn,4,0.0
centers,4,0.0
wake,4,0.0
smoky,4,0.0
report,4,0.0
cleanup,4,0.0
pound,4,0.0
around,4,0.0
ap,4,0.0
supertanker,4,0.0
firetrucks,4,0.0
goff,4,0.0
drive,4,0.0
common,4,0.0
visible,4,0.0
happy,4,0.5719
ways,4,0.0
little,4,0.0
front,4,0.0
road,4,0.0
hurricanes,4,0.0
firestation,4,0.0
trucks,4,0.0
santarosafire,4,0.0
helicopter,4,0.0
sad,4,-0.4767
ahead,4,0.0
dozen,4,0.0
possible,4,0.0
pro,4,0.0
redwood,4,0.0
delivered,4,0.0
fan,4,0.3182
whats,4,0.0
yosemite,4,0.0
fundraiser,4,0.0
ranger,4,0.0
beach,4,0.0
gold,4,0.0
old,4,0.0
reports,4,0.0
remains,4,0.0
breakingnews,4,0.0
everyone,4,0.0
arrested,4,-0.4767
large,4,0.0
big,4,0.0
peanuts,4,0.0
employees,4,0.0
survives,4,0.0
real,4,0.0
spreads,4,0.0
experience,4,0.0
learn,4,0.0
sends,4,0.0
plans,4,0.0
damaged,4,-0.4404
recall,4,0.0
fled,4,0.0
icymi,4,0.0
californians,4,0.0
dies,4,0.0
charred,4,0.0
join,4,0.296
redwoodvalleyfire,4,0.0
continues,4,0.0
mike,4,0.0
unreal,4,0.0
drove,4,0.0
vintners,4,0.0
evacuee,4,0.0
shes,4,0.0
chai,4,0.0
season,4,0.0
thank,4,0.3612
vacation,4,0.0
thestalwart,4,0.0
unable,4,0.0
first,4,0.0
italy,4,0.0
data,4,0.0
fund,4,0.0
devastate,4,-0.6249
maureenktvu,4,0.0
cal,4,0.0
temperatures,4,0.0
progress,4,0.4215
never,4,0.0
motorcycle,4,0.0
resources,4,0.0
wildfireravaged,4,0.0
rubble,4,0.0
tinderbox,4,0.0
feed,4,0.0
hell,4,-0.6808
athletics,4,0.0
obamanation,4,0.0
struggle,4,-0.3182
assess,4,0.0
cause,4,0.0
theatlantic,4,0.0
reaches,4,0.0516
rages,4,-0.4767
latimes,4,0.0
threatens,4,-0.3818
assist,4,0.0
engineered,4,0.0
send,4,0.0
cost,4,0.0
die,4,-0.5994
concerns,4,0.0
loved,4,0.5994
rangerstation,4,0.0
maps,4,0.0
arent,4,0.0
wind,4,0.0
radio,4,0.0
way,4,0.0
monday,4,0.0
gt,4,0.2732
fuel,4,0.0
cctv,4,0.0
global,4,0.0
effort,4,0.0
causing,4,0.0
heart,4,0.6369
visit,4,0.0
drought,4,0.0
hour,4,0.0
francisco,4,0.0
found,4,0.0
drones,4,0.0
men,4,0.0
brings,4,0.0
abcnow,4,0.0
moment,4,0.0
aspca,4,0.0
teams,4,0.0
business,4,0.0
mt,4,0.0
raising,4,0.0
clark,4,0.0
ciscokid,4,0.0
climatechange,4,0.0
insured,4,0.0
hundreds,4,0.0
horror,4,-0.5719
oakgrove,4,0.0
oil,4,0.0
hard,4,-0.1027
warnings,4,-0.296
neighborhood,4,0.0
three,4,0.0
highway,4,0.0
wiped,4,0.0
president,4,0.0
science,4,0.0
chief,4,0.0
best,4,0.6369
hillary,4,0.0
standing,4,0.0
metallica,4,0.0
location,4,0.0
ufc,4,0.0
goes,4,0.0
cowlitz,4,0.0
nbcnews,4,0.0
tough,3,-0.128
perfect,3,0.5719
horse,3,0.0
visits,3,0.0
fema,3,0.0
outofcontrol,3,0.0
memorabilia,3,0.0
seek,3,0.0
drop,3,-0.2732
diego,3,0.0
since,3,0.0
forces,3,0.0
plan,3,0.0
tourism,3,0.0
miles,3,0.0
tell,3,0.0
ring,3,0.0
signs,3,0.0
sulphur,3,0.0
larger,3,0.0
list,3,0.0
algeria,3,0.0
russia,3,0.0
anyways,3,0.0
forced,3,-0.4588
almost,3,0.0
arson,3,0.0
schulz,3,0.0
mailman,3,0.0
closed,3,0.0
mother,3,0.0
redcross,3,0.0
protects,3,0.3182
wed,3,0.0
true,3,0.4215
raises,3,0.0
donates,3,0.0
reduced,3,0.0
release,3,0.0
assists,3,0.0
truck,3,0.0
side,3,0.0
bn,3,0.0
refuses,3,0.0
mogadishu,3,0.0
married,3,0.0
head,3,0.0
im,3,0.0
tips,3,0.0
deputy,3,0.0
breitbart,3,0.0
current,3,0.0
isis,3,0.0
faces,3,0.0
scars,3,0.0
responsible,3,0.3182
summer,3,0.0
tweet,3,0.0
blog,3,0.0
read,3,0.0
mention,3,0.0
probe,3,0.0
tour,3,0.0
weekend,3,0.0
retardant,3,0.0
killer,3,-0.6486
tech,3,0.0
meeting,3,0.0
celebrates,3,0.5719
end,3,0.0
ever,3,0.0
southerncalifornia,3,0.0
iconic,3,0.0
yearold,3,0.0
legs,3,0.0
farmers,3,0.0
production,3,0.0
norcal,3,0.0
fast,3,0.0
tragic,3,-0.4588
cawx,3,0.0
eye,3,0.0
hurricane,3,0.0
catches,3,0.0
sharing,3,0.4215
houston,3,0.0
well,3,0.2732
great,3,0.6249
young,3,0.0
likely,3,0.0
moron,3,-0.4939
calfirerru,3,0.0
extent,3,0.0
nbc,3,0.0
brupdates,3,0.0
give,3,0.0
affect,3,0.0
aids,3,0.0
roundup,3,0.0
let,3,0.0
pray,3,0.3182
extensionfire,3,0.0
issues,3,0.0
fe,3,0.0
crowdfunding,3,0.0
lambs,3,0.0
living,3,0.0
havoc,3,-0.5994
cartels,3,0.0
effect,3,0.0
service,3,0.0
page,3,0.0
angeles,3,0.0
sf,3,0.0
top,3,0.2023
pouring,3,0.0
film,3,0.0
ties,3,0.0
approves,3,0.4019
following,3,0.0
largest,3,0.0
orleans,3,0.0
los,3,0.0
students,3,0.0
winemakers,3,0.0
olympic,3,0.0
trumps,3,0.0
returns,3,0.0
mlb,3,0.0
rip,3,0.0
fake,3,-0.4767
mma,3,0.0
glow,3,0.0
loyola,3,0.0
roommates,3,0.0
valley,3,0.0
incredible,3,0.0
sweep,3,0.0
regions,3,0.0
pay,3,-0.1027
michael,3,0.0
iphone,3,0.0
hotels,3,0.0
threatening,3,-0.5267
thats,3,0.0
la,3,0.0
bills,3,0.0
situation,3,0.0
warning,3,-0.34
heroes,3,0.5106
pm,3,0.0
ones,3,0.0
viral,3,0.0
line,3,0.0
barbecue,3,0.0
central,3,0.0
ny,3,0.0
middle,3,0.0
barely,3,0.0
doesnt,3,0.0
safety,3,0.4215
link,3,0.0
historic,3,0.0
doctor,3,0.0
coverage,3,0.0
douse,3,0.0
cities,3,0.0
arms,3,0.0
door,3,0.0
stories,3,0.0
open,3,0.0
fighters,3,-0.0516
needed,3,0.0
jerry,3,0.0
warming,3,0.1531
brown,3,0.0
expert,3,0.0
car,3,0.0
sonomafires,3,0.0
didnt,3,0.0
spare,3,0.0
grabow,3,0.0
source,3,0.0
high,3,0.0
damn,3,-0.4019
director,3,0.0
disastrous,3,-0.5994
nuts,3,-0.3182
overnight,3,0.0
emotional,3,0.1531
bear,3,0.0
mountains,3,0.0
reach,3,0.0258
quickly,3,0.0
causes,3,0.0
sending,3,0.0
part,3,0.0
prepare,3,0.0
park,3,0.0
fall,3,0.0
postwildfire,3,0.0
couples,3,0.0
fallout,3,0.0
theatlphoto,3,0.0
clear,3,0.3818
cars,3,0.0
firebreaksout,3,0.0
major,3,0.0
active,3,0.4019
year,3,0.0
widespread,3,0.0
wood,3,0.0
price,3,0.0
management,3,0.0
respond,3,0.0
gouging,3,0.0
members,3,0.0
narrowly,3,0.0
lethal,3,0.0
amazing,3,0.5859
wait,3,0.0
schools,3,0.0
estate,3,0.0
offering,3,0.0
extreme,3,0.0
joseph,3,0.0
kills,3,-0.5423
emerges,3,0.0
rescues,3,0.3182
mountain,3,0.0
farm,3,0.0
vice,3,0.0
mind,3,0.0
gives,3,0.0
miraculously,3,0.0
donating,3,0.0
heatwave,3,0.0
already,3,0.0
hold,3,0.0
sift,3,0.0
refuge,3,0.0
collection,3,0.0
pls,3,0.0772
suspected,3,-0.2263
zone,3,0.0
arsonist,3,0.0
web,3,0.0
important,3,0.2023
harvest,3,0.0
confirmed,3,0.0
seven,3,0.0
college,2,0.0
dry,2,0.0
union,2,0.0
zero,2,0.0
japanese,2,0.0
hopes,2,0.4215
signal,2,0.0
nothing,2,0.0
bottom,2,0.0
food,2,0.0
infernos,2,0.0
south,2,0.0
primer,2,0.0
monitor,2,0.0
identified,2,0.0
star,2,0.0
work,2,0.0
legalization,2,0.0
tweeting,2,0.0
sonomastrong,2,0.0
samoan,2,0.0
berkeleyside,2,0.0
painting,2,0.0
flees,2,-0.1779
bike,2,0.0
bag,2,0.0
acrylic,2,0.0
nyc,2,0.0
section,2,0.0
puppy,2,0.0
escaped,2,0.0
military,2,0.0
hear,2,0.0
assisting,2,0.0
opener,2,0.0
gesso,2,0.0
tangosierrafire,2,0.0
mirrored,2,0.0
called,2,0.0
assessing,2,0.0
leafly,2,0.0
books,2,0.0
stands,2,0.0
insurers,2,0.0
galifornia,2,0.0
vulnerable,2,-0.2263
st,2,0.0
debris,2,0.0
making,2,0.0
karen,2,0.0
recordbreaking,2,0.0
alarm,2,-0.34
wave,2,0.0
theres,2,0.0
aycock,2,0.0
fargo,2,0.0
value,2,0.34
amazon,2,0.1779
saves,2,0.0
awful,2,-0.4588
muchneeded,2,0.0
lie,2,0.0
information,2,0.0
undocumented,2,0.0
memories,2,0.0
wonder,2,0.0
planner,2,0.0
locals,2,0.0
ufosfacts,2,0.0
keeping,2,0.0
delivering,2,0.0
ease,2,0.3612
farmer,2,0.0
distributing,2,0.0
postal,2,0.0
homeowners,2,0.0
greatest,2,0.6369
gop,2,0.0
unscathed,2,0.0
engulf,2,0.0
sent,2,0.0
might,2,0.0
wines,2,0.0
feinstein,2,0.0
holiday,2,0.4019
sacramento,2,0.0
esri,2,0.0
brazil,2,0.0
cartoonist,2,0.0
firangi,2,0.0
bannon,2,0.0
tv,2,0.0
kcranews,2,0.0
mexico,2,0.0
nature,2,0.0
donations,2,0.0
millions,2,0.0
dollars,2,0.0
reaper,2,0.0
blow,2,0.0
claims,2,0.0
sanfrancisco,2,0.0
animalsst,2,0.0
path,2,0.0
meals,2,0.0
noted,2,0.0
prosthetic,2,0.0
exhale,2,0.0
inhale,2,0.0
basin,2,0.0
ircurve,2,0.0
calm,2,0.3182
hurricaneophelia,2,0.0
jared,2,0.0
research,2,0.0
liverpool,2,0.0
strong,2,0.5106
livechonews,2,0.0
crosby,2,0.0
brink,2,0.0
analysis,2,0.0
idaho,2,0.0
guyfieri,2,0.0
energy,2,0.2732
rules,2,0.0
light,2,0.0
seasonal,2,0.0
suburb,2,0.0
authorities,2,0.0
grows,2,0.0
azhaayanna,2,0.0
sanctuary,2,0.0
meanwhile,2,0.0
expose,2,-0.1531
minute,2,0.0
landscape,2,0.0
blade,2,0.0
runner,2,0.0
cali,2,0.0
retweet,2,0.0
guard,2,0.0
makes,2,0.0
white,2,0.0
terror,2,-0.5267
maga,2,0.0
run,2,0.0
consume,2,0.0
vast,2,0.0
deal,2,0.0
dad,2,0.0
uncertain,2,-0.296
persist,2,0.0
future,2,0.0
numbers,2,0.0
mission,2,0.0
scottsdale,2,0.0
nation,2,0.0
rotary,2,0.0
crooked,2,0.0
expect,2,0.0
shooting,2,0.0
vegas,2,0.0
suffer,2,-0.5423
californiafires,2,0.0
indian,2,0.0
traces,2,0.0
break,2,0.0
kitten,2,0.0
rescued,2,0.4215
mary,2,0.0
reunited,2,0.0
nearly,2,0.0
kids,2,0.0
nuclear,2,0.0
autism,2,0.0
autoinsurance,2,0.0
houses,2,0.0
lake,2,0.0
neighbors,2,0.0
hours,2,0.0
spending,2,0.0
imagined,2,0.0
sight,2,0.0
dumb,2,-0.5106
yall,2,0.0
cringeypops,2,0.0
virgin,2,0.0
academy,2,0.0
unusual,2,0.0
inhalation,2,0.0
ana,2,0.0
controlled,2,0.0
charles,2,0.0
hand,2,0.4939
drops,2,0.0
ride,2,0.0
protect,2,0.3818
burnt,2,0.0
later,2,0.0
official,2,0.0
pgampes,2,0.0
times,2,0.0
majority,2,0.0
erupts,2,0.0
taken,2,0.0
blame,2,-0.34
coffey,2,0.0
springs,2,0.0
solution,2,0.3182
worth,2,0.2263
flutist,2,0.0
cuomo,2,0.0
heroism,2,0.5859
heartwarming,2,0.4767
sandiego,2,0.0
drives,2,0.0
corner,2,0.0
column,2,0.0
sarasota,2,0.0
reminder,2,0.0
babies,2,0.0
tragedy,2,-0.6597
dying,2,0.0
announces,2,0.0
tax,2,0.0
slightly,2,0.0
surviving,2,0.296
role,2,0.0
owners,2,0.0
orders,2,0.0
breath,2,0.0
raw,2,0.0
weapon,2,-0.296
atmospheric,2,0.0
available,2,0.0
gov,2,0.0
recent,2,0.0
exceed,2,0.0
courtesy,2,0.3612
espn,2,0.0
electrical,2,0.0
duty,2,0.0
cooks,2,0.0
cats,2,0.0
saying,2,0.0
braved,2,0.4404
signorello,2,0.0
cbsnews,2,0.0
muslim,2,0.0
iran,2,0.0
hellish,2,-0.6369
effects,2,0.0
dispatches,2,0.0
jones,2,0.0
restaurant,2,0.0
environment,2,0.0
firedevastated,2,0.0
conspiracy,2,-0.5267
beloved,2,0.5106
twitter,2,0.0
law,2,0.0
donald,2,0.0
half,2,0.0
flight,2,0.0
looking,2,0.0
delayed,2,-0.2263
preliminary,2,0.0
pet,2,0.0
reuniting,2,0.0
familys,2,0.0
opens,2,0.0
fierce,2,0.0
women,2,0.0
pollution,2,0.0
deer,2,0.0
edge,2,0.0
popular,2,0.4215
scale,2,0.0
arizona,2,0.0
unprecedented,2,0.0
along,2,0.0
fed,2,0.0
sheltering,2,0.0
haze,2,0.0
mexican,2,0.0
drug,2,0.0
crop,2,0.0
jr,2,0.0
airbnb,2,0.0
ferocious,2,-0.1027
destroying,2,-0.5574
rebuild,2,0.0
without,2,0.0
guide,2,0.0
else,2,0.0
shelters,2,0.0
speed,2,0.0
approaching,2,0.0
costly,2,-0.1027
hearts,2,0.6486
acre,2,0.0
aliens,2,0.0
region,2,0.0
fastmoving,2,0.0
inferno,2,0.0
land,2,0.0
gadgets,2,0.0
nuns,2,0.0
working,2,0.0
mq,2,0.0
cynical,2,-0.3818
plane,2,0.0
controversy,2,0.0
partners,2,0.0
good,2,0.4404
horses,2,0.0
healdsburg,2,0.0
nfl,2,0.0
citizens,2,0.0
lots,2,0.0
winter,2,0.0
mail,2,0.0
doctors,2,0.0
injured,2,-0.4019
gallery,2,0.0
barry,2,0.0
bonds,2,0.0
golf,2,0.0
club,2,0.0
prayers,2,0.0
enough,2,0.0
itnews,2,0.0
edmonton,2,0.0
prompted,2,0.0
absorb,2,0.0
followers,2,0.0
social,2,0.0
shot,2,0.0
dude,2,0.0
dsnap,2,0.0
altered,2,0.0
declares,2,0.0
baby,2,0.0
took,2,0.0
mean,2,0.0
creepy,2,0.0
harvey,2,0.0
kennya,2,0.0
worker,2,0.0
spectacle,2,0.0
ends,2,0.0
tree,2,0.0
wife,2,0.0
hollow,2,0.0
exclusive,2,0.128
benzinga,2,0.0
fatalities,2,-0.5994
sued,2,0.0
confirms,2,0.0
despite,2,0.0
aint,2,0.0
shuts,2,0.0
oh,2,0.0
sign,2,0.0
breweries,2,0.0
sunrise,2,0.0
boulter,2,0.0
patients,2,0.0
site,2,0.0
uses,2,0.0
costs,2,0.0
push,2,0.0
trail,2,0.0
possibly,2,0.0
blink,2,0.0
losangeles,2,0.0
shelter,2,0.0
geoengineered,2,0.0
storms,2,0.0
nowhere,2,0.0
spike,2,0.0
receive,2,0.0
female,2,0.0
inmates,2,0.0
forecast,2,0.0
channel,2,0.0
app,2,0.0
devour,2,0.0
churches,2,0.0
size,2,0.0
football,2,0.0
restaurants,2,0.0
pick,2,0.0
online,2,0.0
using,2,0.0
fighter,2,0.1531
lose,2,-0.4019
slowly,2,0.0
away,2,0.0
luxury,2,0.0
slow,2,0.0
vows,2,0.0
western,2,0.0
swallowed,2,0.0
minutes,2,0.0
yesterday,2,0.0
outside,2,0.0
breaks,2,0.0
volunteers,2,0.0
captures,2,0.0
nnvredcross,2,0.0
gave,2,0.0
bodies,2,0.0
jose,2,0.0
returning,2,0.0
field,2,0.0
evacuates,2,0.0
girl,2,0.0
watches,2,0.0
must,2,0.0
realestate,2,0.0
wants,2,0.0
package,2,0.0
updated,2,0.0
include,2,0.0
group,2,0.0
weatherchannel,2,0.0
pence,2,0.0
sparks,2,0.0
came,2,0.0
soon,2,0.0
steinersports,2,0.0
sorry,2,-0.0772
see,2,0.0
round,2,0.0
cc,2,0.0
wrap,2,0.0
fueled,2,0.0
auroraworldview,2,0.0
reality,2,0.0
turned,2,0.0
cell,2,0.0
towers,2,0.0
incarcerated,2,0.0
responders,2,0.0
mansion,2,0.0
flame,2,0.0
reveals,2,0.0
klay,2,0.0
thompson,2,0.0
put,2,0.0
warriors,2,0.0
briefing,2,0.0
greene,2,0.0
ashley,2,0.0
ventura,2,0.0
swept,2,0.0
hospital,2,0.0
clips,2,0.0
athletes,2,0.0
obviously,2,0.0
whole,2,0.0
percent,2,0.0
vegetation,2,0.0
plus,2,0.0
others,2,0.0
earthquake,2,0.0
topstories,2,0.0
operator,2,0.0
elsegundo,2,0.0
dublin,2,0.0
prompt,2,0.0
literally,2,0.0
homeless,2,0.0
heavy,2,0.0
israelinusa,2,0.0
extended,2,0.0
grantjkidney,2,0.0
threat,2,-0.5267
markets,2,0.0
tragedies,2,-0.4404
move,2,0.0
cawildfires,2,0.0
symbol,2,0.0
unfortunately,2,-0.34
broken,2,-0.4767
shirt,2,0.0
losangelestimes,2,0.0
husbands,2,0.0
market,2,0.0
declaration,2,0.0
outrun,2,0.0
system,2,0.0
background,2,0.0
believe,2,0.0
imagery,2,0.0
statewide,2,0.0
huge,2,0.3182
capture,2,0.0
responds,2,0.0
satellites,2,0.0
prices,2,0.0
letting,2,0.0
spooky,2,0.0
suffers,2,-0.4767
israelinla,2,0.0
israelmfa,2,0.0
congress,2,0.0
consider,2,0.0
volunteer,2,0.0
crash,2,-0.4019
small,2,0.0
seasons,2,0.0
chevron,2,0.0
grab,2,0.0
moodys,2,0.0
amok,2,0.0
israelc,2,0.0
corvette,2,0.0
weve,2,0.0
el,2,0.0
quickmedclaims,2,0.0
running,2,0.0
attack,2,-0.4767
listen,2,0.0
responding,2,0.0
rundown,2,0.0
canyonfire,2,0.0
sports,2,0.0
words,2,0.0
obama,2,0.0
advice,2,0.0
wildomarfire,2,0.0
outbreak,2,0.0
bikes,2,0.0
torch,2,0.0
bakersfield,2,0.0
sr,2,0.0
reduces,2,0.0
church,2,0.0
yeah,2,0.296
dreams,2,0.4019
israaid,2,0.0
israelinsf,2,0.0
breaking,2,0.0
stark,2,0.0
turns,2,0.0
including,2,0.0
capturing,2,0.0
david,2,0.0
traffic,2,0.0
inspire,2,0.5719
youve,2,0.0
ravaging,2,0.0
affecting,2,0.0
bomb,2,-0.4939
natural,2,0.3612
contract,2,0.0
linking,2,0.0
bright,2,0.4404
heal,2,0.0
mass,2,0.0
weinstein,2,0.0
pieces,2,0.0
animal,2,0.0
speech,2,0.0
unaccounted,2,0.0
malaysian,2,0.0
institutions,2,0.0
riellarose,2,0.0
beforeandafter,2,0.0
thinking,2,0.0
less,2,0.0
classic,2,0.0
vallejo,2,0.0
caloes,2,0.0
jim,2,0.0
bmws,2,0.0
nh,2,0.4939
photography,2,0.0
safely,2,0.4939
climbs,2,0.0
camp,2,0.0
follow,2,0.0
segundo,2,0.0
face,2,0.0
fog,2,0.0
wreak,2,0.0
haunting,2,-0.2732
thing,2,0.0
inside,2,0.0
customers,2,0.0
went,2,0.0
pony,2,0.0
artists,2,0.0
thinks,2,0.0
brian,2,0.0
son,2,0.0
cool,2,0.3182
welcome,2,0.4588
fies,2,0.0
love,2,0.6369
players,2,0.0
grow,2,0.0
prepares,2,0.0
dramatic,2,0.0
center,2,0.0
several,2,0.0
rare,2,0.0
vision,2,0.25
mortgage,2,0.0
hampering,2,0.0
events,2,0.0
alerts,2,0.0
wreaks,1,0.0
urged,1,0.0
special,1,0.4019
inspired,1,0.4939
compared,1,0.0
treats,1,0.0
blazed,1,0.0
pastors,1,0.0
immediate,1,0.0
staysafe,1,0.0
nafc,1,0.0
fronts,1,0.0
christian,1,0.0
identify,1,0.0
researchers,1,0.0
featuring,1,0.0
roommate,1,0.0
famously,1,0.0
newsmynbc,1,0.0
hotter,1,0.0
disabled,1,0.0
endmassincarceration,1,0.0
talk,1,0.0
womxn,1,0.0
crunch,1,0.0
dodged,1,0.0
santacruz,1,0.0
monitoring,1,0.0
ken,1,0.0
dire,1,-0.4588
brace,1,0.0
wbtv,1,0.0
attorney,1,0.0
resident,1,0.0
aberdeensd,1,0.0
ex,1,0.0
attention,1,0.0
plunged,1,0.0
kansa,1,0.0
bringing,1,0.0
faults,1,-0.4767
stock,1,0.0
gomes,1,0.0
replace,1,0.0
jonny,1,0.0
systems,1,0.0
disasters,1,-0.5574
hitches,1,0.0
noaadigcoast,1,0.0
midst,1,0.0
needsanother,1,0.0
reduce,1,0.0
iowa,1,0.0
gtmreserve,1,0.0
birds,1,0.0
ptsd,1,0.0
kits,1,0.0
walking,1,0.0
technique,1,0.0
royals,1,0.0
roosting,1,0.0
explore,1,0.0
singleton,1,0.0
sing,1,0.0
moving,1,0.0
iron,1,0.0
hymn,1,0.0
limits,1,0.0
mountvernonwa,1,0.0
ciffc,1,0.0
skagit,1,0.0
vigilant,1,0.1779
abt,1,0.0
tending,1,0.0
apartment,1,0.0
helmetcam,1,0.0
comparing,1,0.0
hotline,1,0.0
notes,1,0.0
difficult,1,-0.3612
awareness,1,0.0
faced,1,0.0
guest,1,0.0
canada,1,0.0
aba,1,0.0
friedman,1,0.0
conafor,1,0.0
forestservice,1,0.0
bikewith,1,0.0
hawaii,1,0.0
advertising,1,0.0
newyork,1,0.0
thesift,1,0.0
ramsnation,1,0.0
leighjonesworld,1,0.0
unidentified,1,0.0
tag,1,0.0
obstructing,1,0.0
fresno,1,0.0
festival,1,0.4939
situational,1,0.0
stole,1,0.0
cute,1,0.4588
mckesson,1,0.0
lyft,1,0.0
agencies,1,0.0
sensors,1,0.0
lend,1,0.0
prompting,1,0.0
discovery,1,0.0
prophecy,1,0.0
reporterherald,1,0.0
rolling,1,0.0
bif,1,0.0
donors,1,0.0
generously,1,0.4215
macarthur,1,0.0
truckers,1,0.0
fellows,1,0.0
certain,1,0.2732
joni,1,0.0
mitchell,1,0.0
firevictim,1,0.0
horsepower,1,0.0
suspensions,1,0.0
hos,1,0.0
birthday,1,0.0
larceny,1,0.0
intervene,1,0.0
refutes,1,0.0
josecanseco,1,0.0
loren,1,0.0
campaign,1,0.0
architects,1,0.0
guidance,1,0.0
livesmunities,1,0.0
hardens,1,0.0
hated,1,-0.6369
crying,1,-0.4767
keepsakes,1,0.0
pulled,1,0.0
principal,1,0.0
scrutinized,1,0.0
lauded,1,0.0
sue,1,0.0
tonights,1,0.0
rinpoches,1,0.0
shirts,1,0.0
auctioned,1,0.0
solano,1,0.0
wildly,1,0.0
rams,1,0.0
final,1,0.0
acknowledge,1,0.0
straw,1,0.0
autonomous,1,0.0
fail,1,-0.5423
comment,1,0.0
breitbartnews,1,0.0
providing,1,0.0
instrumental,1,0.0
berthoud,1,0.0
charitable,1,0.4019
accurately,1,0.0
fidelity,1,0.0
fro,1,0.0
abate,1,0.0
usps,1,0.0
plant,1,0.0
deter,1,0.0
anticipates,1,0.0
wage,1,0.0
minimum,1,0.0
michigans,1,0.0
blazebreaksout,1,0.0
dim,1,0.0
means,1,0.0
pia,1,0.0
awaits,1,0.0772
tim,1,0.0
dailey,1,0.0
captured,1,0.0
marin,1,0.0
sausalito,1,0.0
nc,1,0.0
reinsurers,1,0.0
fl,1,0.0
beddard,1,0.0
remain,1,0.0
arrest,1,-0.34
conservative,1,0.0
plays,1,0.25
scientists,1,0.0
articlespinner,1,0.0
articles,1,0.0
climatecrisis,1,0.0
played,1,0.34
king,1,0.0
converter,1,0.0
rss,1,0.0
ehs,1,0.0
witness,1,0.0
exhibit,1,0.0
liveonk,1,0.0
lawmake,1,0.0
puts,1,0.0
cooking,1,0.0
deficiencies,1,0.0
wireless,1,0.0
harris,1,0.0
rips,1,0.0
boats,1,0.0
firerescue,1,0.0
pair,1,0.0
poundwishes,1,0.0
newborns,1,0.0
protecting,1,0.0
quest,1,0.0
avery,1,0.0
brundage,1,0.0
disasterdeclaration,1,0.0
newspaper,1,0.0
allegedly,1,0.0
began,1,0.0
puertorico,1,0.0
cash,1,0.0
jack,1,0.0
finance,1,0.0
reopens,1,0.0
wkyt,1,0.0
bbc,1,0.0
valleys,1,0.0
qualify,1,0.0
relieffull,1,0.0
th,1,0.0
motherjones,1,0.0
born,1,0.0
precious,1,0.5719
explain,1,0.0
mom,1,0.0
authority,1,0.0772
ioc,1,0.0
detainer,1,0.0
editorials,1,0.0
legit,1,0.0
fulfilled,1,0.4215
ooh,1,0.0
yes,1,0.4019
spoke,1,0.0
hespokeaboutthis,1,0.0
pickup,1,0.0
crashes,1,0.0
mini,1,0.0
teenage,1,0.0
tours,1,0.0
atlantis,1,0.0
connected,1,0.0
reno,1,0.0
firstresponders,1,0.0
praises,1,0.5267
redcrossproud,1,0.0
redcrosser,1,0.0
brave,1,0.5267
stays,1,0.0
vintage,1,0.0
suspect,1,-0.296
dots,1,0.0
geysers,1,0.0
geothermal,1,0.0
setting,1,0.0
globalist,1,0.0
scapegoat,1,-0.4019
father,1,0.0
villain,1,-0.5574
private,1,0.0
abchouston,1,0.0
hurricaneharvey,1,0.0
pic,1,0.0
asthma,1,0.0
grewup,1,0.0
agenda,1,0.0
scorching,1,0.0
humidity,1,0.0
fully,1,0.0
snopes,1,0.0
grass,1,0.0
astronomys,1,0.0
observatories,1,0.0
investigation,1,0.0
utah,1,0.0
pst,1,0.0
tries,1,0.0
closes,1,0.0
higher,1,0.0
hellsgate,1,0.0
graphs,1,0.0
photographer,1,0.0
gutwrenching,1,0.0
cancels,1,-0.2263
victimsbecause,1,0.0
looked,1,0.0
pain,1,-0.5106
poured,1,0.0
alleged,1,0.0
bank,1,0.0
ceo,1,0.0
perseveres,1,0.0
saw,1,0.0
famous,1,0.0
dropping,1,0.0
joe,1,0.0
accusing,1,-0.1779
false,1,0.0
apicelli,1,0.0
insane,1,-0.4019
pushes,1,0.0
eve,1,0.0
tomorrow,1,0.0
arrives,1,0.0
gizmodo,1,0.0
smacks,1,0.0
trailers,1,0.0
concepts,1,0.0
michelin,1,0.0
dining,1,0.0
delay,1,-0.3182
shippin,1,0.0
shameful,1,-0.4939
warn,1,-0.1027
firestorm,1,0.0
mindbogglingly,1,0.0
melbournenews,1,0.0
hfusa,1,0.0
neighbourhood,1,0.0
store,1,0.0
fanatic,1,0.0
spots,1,0.0
spacecraft,1,0.0
hurtling,1,-0.34
tribe,1,0.0
netde,1,0.0
sodel,1,0.0
dakota,1,0.0
cope,1,0.0
portions,1,0.0
john,1,0.0
blackstone,1,0.0
essential,1,0.0
oils,1,0.0
texts,1,0.0
britain,1,0.0
britaintoday,1,0.0
uk,1,0.0
falls,1,0.0
rethink,1,0.0
urban,1,0.0
golden,1,0.0
comes,1,0.0
close,1,0.0
preschool,1,0.0
launching,1,0.0
establish,1,0.0
crossroads,1,0.0
edelsongetty,1,0.0
cucamonga,1,0.0
potential,1,0.0
bono,1,0.0
attorneys,1,0.0
producer,1,0.0
liam,1,0.0
anderson,1,0.0
talks,1,0.0
race,1,0.0
sac,1,0.0
keytnc,1,0.0
foscheck,1,0.0
vista,1,0.0
launches,1,0.0
prioritized,1,0.0
fundraisers,1,0.0
calfire,1,0.0
firerelief,1,0.0
sofi,1,0.0
rancho,1,0.0
lovecalifornia,1,0.0
jumps,1,0.0
exacerbates,1,0.0
msnbc,1,0.0
obsess,1,-0.25
expense,1,0.0
mmfa,1,0.0
homans,1,0.0
antiimmigrant,1,0.0
ploy,1,0.0
nd,1,0.0
stifling,1,0.0
delegation,1,0.0
gopleader,1,0.0
chair,1,0.0
silence,1,0.0
senkamalaharris,1,0.0
ncalifornia,1,0.0
truthf,1,0.0
late,1,0.0
susceptibility,1,0.0
flower,1,0.0
pagan,1,0.0
hockey,1,0.0
respite,1,0.0
joyously,1,0.5994
kerry,1,0.0
benefield,1,0.0
forever,1,0.0
utilities,1,0.0
facing,1,0.0
salon,1,0.0
halfacre,1,0.0
sunlandtujunga,1,0.0
elevated,1,0.0
river,1,0.0
azfamily,1,0.0
inverse,1,0.0
naturaldisasters,1,0.0
drugs,1,0.0
polytheism,1,0.0
santaana,1,0.0
lot,1,0.0
period,1,0.0
fedex,1,0.0
hazardous,1,0.0
subsided,1,0.0
extinguish,1,0.0
nebraska,1,0.0
kansas,1,0.0
freeway,1,0.0516
firestorms,1,0.0
terrorize,1,-0.6486
advance,1,0.0
agendas,1,0.0
secondsasha,1,0.0
mcnewgetty,1,0.0
scripps,1,0.0
ranch,1,0.0
assemble,1,0.0
packages,1,0.0
amidst,1,0.0
bachirbadaoui,1,0.0
earthpixdaiiy,1,0.0
vicious,1,-0.3612
unseasonably,1,0.0
total,1,0.0
surges,1,0.0
proper,1,0.0
brooktrails,1,0.0
lodge,1,0.0
explosions,1,0.0
directions,1,0.0
bet,1,0.0
gilman,1,0.0
caltrans,1,0.0
olive,1,0.0
faze,1,0.0
pirelliwc,1,0.0
mazdaracewaylagunaseca,1,0.0
filing,1,0.0
structure,1,0.0
enhanced,1,0.0
zuma,1,0.0
youngs,1,0.0
socal,1,0.0
ripping,1,0.0
temps,1,0.0
jawdropping,1,0.0
ripple,1,0.0
carolynjones,1,0.0
brushfires,1,0.0
peak,1,0.0
canceling,1,0.0
neil,1,0.0
considered,1,0.0
rejected,1,-0.5106
journalism,1,0.0
success,1,0.5719
entrepreneur,1,0.0
spell,1,0.0
trouble,1,-0.4019
scar,1,0.0
dwindling,1,0.0
autumn,1,0.0
blessed,1,0.5994
walmart,1,0.0
customer,1,0.0
xp,1,0.3818
wallpaper,1,0.0
bliss,1,0.5719
yuba,1,0.0
staff,1,0.0
wages,1,0.0
fear,1,-0.4939
slowdown,1,0.0
craftbeer,1,0.0
beer,1,0.0
begins,1,0.0
serious,1,-0.0772
hurdles,1,0.0
rebuilding,1,0.0
deutsche,1,0.0
direct,1,0.0
proceeds,1,0.0
familymedicine,1,0.0
chipotle,1,0.0
geospatial,1,0.0
actually,1,0.0
dark,1,0.0
gray,1,0.0
nasaaster,1,0.0
tayfun,1,0.0
coskunanadolu,1,0.0
agencygetty,1,0.0
struggled,1,-0.34
enormous,1,0.0
bruno,1,0.0
sept,1,0.0
sahap,1,0.0
insights,1,0.0
goodnight,1,0.0
andsotobed,1,0.0
goodnignt,1,0.0
lined,1,0.0
gig,1,0.0
youll,1,0.0
november,1,0.0
pushing,1,0.0
ratepayers,1,0.0
elsinore,1,0.0
skipton,1,0.0
cre,1,0.0
showing,1,0.0
wildomar,1,0.0
epn,1,0.0
draws,1,0.0
montana,1,0.0
targets,1,0.0
environmental,1,0.0
sparked,1,0.0
cleveland,1,0.0
carls,1,0.0
burgers,1,0.0
romance,1,0.5574
presses,1,0.0
test,1,0.0
bid,1,0.0
upheaval,1,0.0
dwelling,1,0.0258
eagle,1,0.0
rock,1,0.0
organic,1,0.0
prepper,1,0.0
survivalist,1,0.0
armysurvivalguides,1,0.0
district,1,0.0
lifeisstrange,1,0.0
waits,1,0.0
fired,1,-0.5574
horsetango,1,0.0
equine,1,0.0
severe,1,-0.3818
loosens,1,0.0
grip,1,0.0
weaken,1,-0.4215
mudslides,1,0.0
equals,1,0.0
studio,1,0.0
djmissgem,1,0.0
spotted,1,0.0
congressional,1,0.0
prevention,1,0.0
perform,1,0.0
concertannouncementcharityconcert,1,0.0
forget,1,-0.2263
headlining,1,0.0
concert,1,0.0
songmixing,1,0.0
lonely,1,-0.3612
dystopia,1,0.0
lancia,1,0.0
il,1,0.0
recruit,1,0.0
sues,1,0.0
sexual,1,0.0
hometown,1,0.0
raineys,1,0.0
flooding,1,0.0
clifford,1,0.0
either,1,0.0
metaphorically,1,0.0
sss,1,0.0
garage,1,0.0
allston,1,0.0
clifftop,1,0.0
song,1,0.0
waifu,1,0.0
laifu,1,0.0
wise,1,0.4767
bayarea,1,0.0
contractor,1,0.0
tiny,1,0.0
includes,1,0.0
endangered,1,0.0
skaters,1,0.0
artist,1,0.0
harassment,1,-0.5423
retaliation,1,0.0
summary,1,0.0
khs,1,0.0
row,1,0.0
infrastructure,1,0.0
californ,1,0.0
misery,1,-0.5719
hansen,1,0.0
dam,1,0.0
selective,1,0.0
island,1,0.0
pops,1,0.0
metallicas,1,0.0
band,1,0.0
middelivery,1,0.0
finally,1,0.0
given,1,0.0
birth,1,0.0
supply,1,0.0
plummets,1,0.0
third,1,0.0
foundation,1,0.0
generous,1,0.5106
de,1,0.0
kitsap,1,0.0
shake,1,-0.1779
winegrape,1,0.0
postfire,1,0.0
sommelier,1,0.0
sfrfoodies,1,0.0
drink,1,0.0
rebus,1,0.0
medina,1,0.0
californicis,1,0.0
upd,1,0.0
drinks,1,0.0
regarding,1,0.0
investigating,1,0.0
hurting,1,-0.4019
edsource,1,0.0
lifted,1,0.0
josh,1,0.0
length,1,0.0
economygt,1,0.0
agricultu,1,0.0
dept,1,0.0
estimates,1,0.0
bln,1,0.0
democrats,1,0.0
runnin,1,0.0
pittsburgh,1,0.0
californiaa,1,0.0
cadavejones,1,0.0
gaps,1,0.0
kevinmccarthy,1,0.0
expecting,1,0.0
jeremy,1,0.0
catrambone,1,0.0
rough,1,0.0
senior,1,0.0
sudden,1,0.0
businessgtcalifornia,1,0.0
thesciencemic,1,0.0
battles,1,-0.3818
needs,1,0.0
norcalfires,1,0.0
valuechcs,1,0.0
understanding,1,0.0
valued,1,0.4404
kmov,1,0.0
established,1,0.0
losscost,1,0.0
regulators,1,0.0
chevrons,1,0.0
forward,1,0.0
rainfall,1,0.0
dave,1,0.0
regulator,1,0.0
note,1,0.0
cmsgov,1,0.0
letters,1,0.0
avoid,1,-0.296
exacerbated,1,0.0
misinformation,1,-0.3182
almightyuzumaki,1,0.0
safer,1,0.4215
megachurch,1,0.0
pastor,1,0.0
eviscerated,1,0.0
busybeagle,1,0.0
waynelexi,1,0.0
pac,1,0.0
deaths,1,0.0
demands,1,0.0
immigrants,1,0.0
stetina,1,0.0
riding,1,0.0
guangxi,1,0.0
marketing,1,0.0
topped,1,0.0
wmur,1,0.0
normal,1,0.0
shift,1,0.0
airpollution,1,0.0
breathe,1,0.0
groups,1,0.0
debate,1,0.0
trapped,1,-0.5267
animalrescue,1,0.0
sheep,1,0.0
turkeys,1,0.0
normalcy,1,0.0
harborside,1,0.0
lower,1,-0.296
apkent,1,0.0
porter,1,0.0
levels,1,0.0
monitors,1,0.0
backburn,1,0.0
tackles,1,0.0
glen,1,0.0
ellen,1,0.0
greenies,1,0.0
spark,1,0.2263
rink,1,0.0
skating,1,0.0
low,1,-0.2732
hamilton,1,0.0
vets,1,0.0
koi,1,0.0
judging,1,0.0
clovis,1,0.0
shopping,1,0.0
storefronts,1,0.0
fre,1,0.0
chobani,1,0.0
yogurt,1,0.0
leader,1,0.0
bundles,1,0.0
usofdisaster,1,0.0
disasterpolitic,1,0.0
climatology,1,0.0
meteorology,1,0.0
weatherworldpsu,1,0.0
blowtorch,1,0.0
baptism,1,0.0
ufos,1,0.0
hazard,1,0.0
holocaust,1,0.0
charged,1,-0.2023
tiot,1,0.0
blazing,1,0.0
nasalies,1,0.0
veteranhank,1,0.0
jerrybrowngov,1,0.0
seo,1,0.0
article,1,0.0
generator,1,0.0
blogging,1,0.0
backlinks,1,0.0
displace,1,0.0
brief,1,0.0
student,1,0.0
opportunity,1,0.4215
wing,1,0.0
tubb,1,0.0
powerful,1,0.4215
tornadoes,1,0.0
hr,1,0.0
seeks,1,0.0
strip,1,0.0
creators,1,0.0
cbnnews,1,0.0
pours,1,0.0
fossil,1,0.0
fuels,1,0.0
onto,1,0.0
donated,1,0.0
generosity,1,0.5106
dependent,1,0.0
ecosystems,1,0.0
mycorrhizalfungi,1,0.0
hops,1,0.0
volvo,1,0.0
irs,1,0.0
novogradac,1,0.0
taxcredittuesday,1,0.0
belly,1,0.0
newt,1,0.0
digitalglobe,1,0.0
tbt,1,0.0
jobs,1,0.0
hotel,1,0.0
workers,1,0.0
shrm,1,0.0
newborn,1,0.0
devils,1,-0.5719
oakland,1,0.0
ccltbt,1,0.0
tracks,1,0.0
outfront,1,0.0
advocate,1,0.0
fights,1,-0.4019
lgbtq,1,0.0
youth,1,0.0
doused,1,0.0
mapbox,1,0.0
controversial,1,-0.2023
reject,1,-0.4019
fresh,1,0.3182
sermon,1,0.0
albom,1,0.0
wrenching,1,0.0
george,1,0.0
saunders,1,0.0
wins,1,0.5719
booker,1,0.0
scorched,1,0.0
complicating,1,0.0
rollout,1,0.0
sales,1,0.0
bush,1,0.0
ovations,1,0.0
convention,1,0.0
keynote,1,0.0
islamic,1,0.0
responsibility,1,0.0
creating,1,0.296
mitch,1,0.0
jews,1,0.0
shutter,1,0.0
annihilate,1,0.0
saturdaymorningvideos,1,0.0
negligence,1,0.0
fascinating,1,0.5423
smallest,1,0.0
clues,1,0.0
eric,1,0.0
bigoted,1,0.0
nurses,1,0.0
nurselife,1,0.0
nursepractitioner,1,0.0
nurseblog,1,0.0
disrupted,1,0.0
quarter,1,0.0
foxnation,1,0.0
imam,1,0.0
asking,1,0.0
allah,1,0.0
voters,1,0.0
dimwit,1,0.0
donny,1,0.0
px,1,0.0
romperrose,1,0.0
iranian,1,0.0
integratedmarketingtoday,1,0.0
michio,1,0.0
kaku,1,0.0
recordsetting,1,0.0
florida,1,0.0
mexi,1,0.0
turkzilla,1,0.0
lightning,1,0.0
officialtwodope,1,0.0
twodopemusic,1,0.0
uc,1,0.0
berkeley,1,0.0
protest,1,-0.25
cdcgov,1,0.0
susano,1,0.0
glam,1,0.0
bought,1,0.0
melissa,1,0.0
livestock,1,0.0
karnadi,1,0.0
photooftheday,1,0.0
lauraloomer,1,0.0
notice,1,0.0
credit,1,0.3818
lasvegasshooting,1,0.0
shaped,1,0.0
winelands,1,0.0
partnership,1,0.0
finnacial,1,0.0
declare,1,0.0
liberallogic,1,0.0
hondaaccord,1,0.0
phoenixtowing,1,0.0
patrol,1,0.0
oceanside,1,0.0
spared,1,0.0
art,1,0.0
catch,1,0.0
rampant,1,0.0
interior,1,0.0
supports,1,0.3612
californiawildfire,1,0.0
suppression,1,0.0
statement,1,0.0
nba,1,0.0
eastside,1,0.0
spent,1,0.0
scour,1,0.0
departments,1,0.0
mishawaka,1,0.0
northbayfires,1,0.0
mendocinolakecomplex,1,0.0
supporters,1,0.4404
suggest,1,0.0
grapple,1,0.0
aianational,1,0.0
suburbanisation,1,0.0
aided,1,0.0
sullyfoto,1,0.0
dramatically,1,0.0
metroat,1,0.0
psa,1,0.0
miracle,1,0.5859
picks,1,0.0
caliphate,1,0.0
newsletter,1,0.0
item,1,0.0
exceeds,1,0.0
falsely,1,0.0
pinned,1,0.0
niraj,1,0.0
chokshi,1,0.0
becomes,1,0.0
aviationist,1,0.0
assets,1,0.1779
mrslac,1,0.0
mlm,1,-0.34
aiacc,1,0.0
donation,1,0.0
complying,1,0.0
employment,1,0.0
crack,1,0.0
ranks,1,0.0
brought,1,0.0
startling,1,0.0772
shock,1,-0.3818
resignation,1,-0.296
premature,1,0.0
strain,1,-0.0516
hospitals,1,0.0
responder,1,0.0
vandalized,1,0.0
pizza,1,0.0
kitchen,1,0.0
shits,1,-0.4767
af,1,0.0
wesa,1,0.0
positive,1,0.5574
roaring,1,0.0
usairforce,1,0.0
mobilizing,1,0.0
pellets,1,0.0
laws,1,0.0
examples,1,0.0
prescottnf,1,0.0
thinning,1,0.0
veg,1,0.0
pallets,1,0.0
heating,1,0.0
everly,1,0.0
schlitz,1,0.0
isbe,1,0.0
billio,1,0.0
recycleamericaradioshow,1,0.0
mzhemingway,1,0.0
pier,1,0.0
tulare,1,0.0
bev,1,0.0
andre,1,0.0
expedite,1,0.0
mourns,1,-0.5267
chronicle,1,0.0
cloaks,1,0.0
familiar,1,0.0
lifeline,1,0.0
snapshot,1,0.0
dynamic,1,0.3818
ewnupdates,1,0.0
nigeria,1,0.0
conservation,1,0.0
corps,1,0.0
numerous,1,0.0
maccocktail,1,0.0
mighty,1,0.0
digital,1,0.0
maketing,1,0.0
aquatic,1,0.0
wineweed,1,0.0
anxious,1,-0.25
homeowner,1,0.0
meds,1,0.0
hundred,1,0.0
coordinate,1,0.0
funding,1,0.0
reforms,1,0.0
examiner,1,0.0
morecalifornia,1,0.0
beg,1,0.0
gods,1,0.0
judgment,1,0.0
flies,1,0.0
soccer,1,0.0
course,1,0.0
pga,1,0.0
finished,1,0.0
testing,1,0.0
solace,1,0.0
fca,1,0.0
embers,1,0.0
knock,1,0.0
aged,1,0.0
frail,1,0.0
panel,1,0.0
mammoth,1,0.0
gripping,1,0.0
bottles,1,0.0
sucked,1,-0.4588
dedicates,1,0.0
standand,1,0.0
confirmations,1,0.0
predicted,1,0.0
clairvoyant,1,0.0
dimitrinka,1,0.0
intensity,1,0.0
object,1,0.0
nothern,1,0.0
whose,1,0.0
catalonia,1,0.0
denison,1,0.0
evening,1,0.0
standardharrowing,1,0.0
bloombergnef,1,0.0
somebody,1,0.0
dropped,1,0.0
afpphoto,1,0.0
frederic,1,0.0
jbrown,1,0.0
joshedelson,1,0.0
robynbeck,1,0.0
afp,1,0.0
job,1,0.0
ongoing,1,0.0
month,1,0.0
dr,1,0.0
spur,1,0.0
yearslong,1,0.0
observatory,1,0.0
past,1,0.0
allsorce,1,0.0
products,1,0.0
kgglobal,1,0.0
luther,1,0.0
burbank,1,0.0
heavily,1,0.0
sopan,1,0.0
deb,1,0.0
chase,1,0.0
prominent,1,0.3182
figures,1,0.0
jumping,1,0.0
wasteland,1,0.0
amlive,1,0.0
sabcnews,1,0.0
notorious,1,-0.4404
scroll,1,0.0
califires,1,0.0
philly,1,0.0
attemployee,1,0.0
parked,1,0.0
ysabel,1,0.0
firetruck,1,0.0
deliberately,1,0.0
owner,1,0.0
fam,1,0.0
clinton,1,0.0
links,1,0.0
atlanta,1,0.0
outlines,1,0.0
preparedness,1,0.0
whatampaposs,1,0.0
californiaampaposs,1,0.0
delaware,1,0.0
grew,1,0.0
disastersworldwide,1,0.0
sentinelhub,1,0.0
sjcphs,1,0.0
omfg,1,0.0
sos,1,0.0
advisory,1,0.0
known,1,0.0
heartnews,1,0.0
cbs,1,0.0
eerie,1,-0.3612
punch,1,0.0
color,1,0.0
pallet,1,0.0
horrible,1,-0.5423
planet,1,0.0
esaeo,1,0.0
copernicuseu,1,0.0
sentinel,1,0.0
caution,1,0.0
wee,1,0.0
sfsevags,1,0.0
pres,1,0.0
statefarm,1,0.0
heretohelp,1,0.0
silhouetted,1,0.0
kenwood,1,0.0
sharjah,1,0.0
kusinews,1,0.0
gone,1,0.0
far,1,0.0
unwelcome,1,-0.4019
wednesday,1,0.0
thursday,1,0.0
travis,1,0.0
capitalreports,1,0.0
anahiem,1,0.0
pretty,1,0.4939
raised,1,0.0
thoughts,1,0.0
vivid,1,0.0
hazards,1,0.0
aocsecurity,1,0.0
mandatory,1,0.0772
order,1,0.0
cbsphilly,1,0.0
cooler,1,0.0
tame,1,0.0
topeka,1,0.0
worried,1,-0.296
jeebus,1,0.0
forecasters,1,0.0
helicopters,1,0.0
pluck,1,0.0
five,1,0.0
statesman,1,0.0
pinboard,1,0.0
whip,1,0.0
powered,1,0.0
figure,1,0.0
newscientist,1,0.0
br,1,0.0
sympathetic,1,0.5106
hornsup,1,0.0
richardkadrey,1,0.0
wrist,1,0.0
hurts,1,-0.4767
pepsi,1,0.0
moodtoday,1,0.0
bc,1,0.0
nightly,1,0.0
otherworldly,1,0.0
infection,1,0.0
pedophiles,1,0.0
jeopardy,1,-0.4767
huffpost,1,0.0
wont,1,0.0
thedailybeast,1,0.0
ashamed,1,-0.4767
spanish,1,0.0
momentu,1,0.0
eu,1,0.0
europeunion,1,0.0
searching,1,0.0
creator,1,0.0
wesh,1,0.0
las,1,0.0
cpuc,1,0.0
accountable,1,0.0
koatnews,1,0.0
heartbreaking,1,-0.4588
wide,1,0.0
buzzfeedworkers,1,0.0
retirement,1,0.0
jeopardized,1,0.0
nears,1,0.0
artifacts,1,0.0
foxoregon,1,0.0
removes,1,0.0
outspreading,1,0.0
statue,1,0.0
districts,1,0.0
russian,1,0.0
settlement,1,0.0
fort,1,0.0
ross,1,0.0
cancelled,1,-0.25
newscalifornias,1,0.0
hbo,1,0.0
basically,1,0.0
internet,1,0.0
mc,1,0.0
donalds,1,0.0
saaauuuuuce,1,0.0
airquality,1,0.0
highs,1,0.0
doors,1,0.0
handle,1,0.0
interactive,1,0.0
gis,1,0.0
waze,1,0.0
bitch,1,-0.5859
fireoh,1,0.0
tomstandage,1,0.0
falloutlike,1,0.0
postapocalyptic,1,0.0
scene,1,0.0
issued,1,0.0
theories,1,0.0
range,1,0.0
downed,1,0.0
capitalpress,1,0.0
reassure,1,0.34
sums,1,0.0
firemen,1,0.0
keeps,1,0.0
mercy,1,0.3612
monroealy,1,0.0
kaylakumari,1,0.0
date,1,0.0
status,1,0.0
klovecrc,1,0.0
training,1,0.0
chaplain,1,0.0
association,1,0.0
levi,1,0.0
leipheimers,1,0.0
thesalvationarmy,1,0.0
wiretap,1,0.0
wet,1,0.0
combine,1,0.0
lord,1,0.0
consumers,1,0.0
katabatic,1,0.0
wineriesmetal,1,0.0
racks,1,0.0
eua,1,0.0
va,1,0.0
jamv,1,0.0
trevorhughes,1,0.0
lovely,1,0.5859
resort,1,0.0
dange,1,0.0
raining,1,0.0
rest,1,0.0
raiders,1,0.0
alter,1,0.0
practice,1,0.0
dick,1,-0.5106
vermeils,1,0.0
propel,1,0.0
jumped,1,0.0
lungsits,1,0.0
versus,1,0.0
second,1,0.0
newsphotos,1,0.0
worldnews,1,0.0
officially,1,0.0
quit,1,0.0
sick,1,-0.5106
piece,1,0.0
counts,1,0.0
terminology,1,0.0
grim,1,-0.5719
flare,1,0.0
swallow,1,0.0
number,1,0.0772
rn,1,0.0
harder,1,0.0
atampt,1,0.0
highered,1,0.0
aacrao,1,0.0
aerial,1,0.0
spot,1,0.0
sapphixy,1,0.0
prisoners,1,-0.5106
deaf,1,0.0
sprung,1,0.0
mediterranean,1,0.0
setup,1,0.0
prism,1,0.0
napafires,1,0.0
contributed,1,0.0
lights,1,0.0
ages,1,0.0
timeline,1,0.0
cincinnati,1,0.0
mashable,1,0.0
cameras,1,0.0
truthout,1,0.0
hilton,1,0.0
pedroncelli,1,0.0
wicked,1,-0.5267
mattmarohl,1,0.0
compounding,1,0.0
kutvron,1,0.0
thousand,1,0.0
newsam,1,0.0
fivethirtyeight,1,0.0
guardianeco,1,0.0
famed,1,0.0
dear,1,0.3818
citylab,1,0.0
diablo,1,0.0
sparking,1,0.0
ffbehavior,1,0.0
photorich,1,0.0
striking,1,0.0
thomas,1,0.0
reported,1,0.0
respects,1,0.3182
wildfiretoday,1,0.0
erupt,1,0.0
multiple,1,0.0
tearing,1,0.0
wildfiresbrush,1,0.0
campground,1,0.0
racesonoma,1,0.0
climatologist,1,0.0
explains,1,0.0
primed,1,0.0
improve,1,0.4404
onshore,1,0.0
flow,1,0.0
honda,1,0.0
jt,1,0.2263
resist,1,0.0
warm,1,0.2263
fuller,1,0.0
insults,1,-0.4215
jonah,1,0.0
engel,1,0.0
endangering,1,0.0
medtronic,1,0.0
facilities,1,0.0
startribune,1,0.0
mormons,1,0.0
silverado,1,0.0
newest,1,0.0
shared,1,0.34
gazette,1,0.0
noaanow,1,0.0
viirs,1,0.0
noaa,1,0.0
classless,1,0.0
rampaging,1,0.0
properties,1,0.0
bethesda,1,0.0
artemr,1,0.0
surreal,1,0.0
divine,1,0.5574
judgement,1,0.0
breadth,1,0.0
sdut,1,0.0
curbedsf,1,0.0
approved,1,0.4215
agency,1,0.0
spokesman,1,0.0
tpm,1,0.0
deploy,1,0.0
vabvox,1,0.0
except,1,0.0
seem,1,0.0
dice,1,0.0
headline,1,0.0
cdt,1,0.0
fo,1,0.0
tue,1,0.0
shrouds,1,0.0
skies,1,0.0
persons,1,0.0
newsbx,1,0.0
rfirenews,1,0.0
activity,1,0.0
cafires,1,0.0
quick,1,0.0
sciencenow,1,0.0
todays,1,0.0
pns,1,0.0
newscast,1,0.0
mart,1,0.0
think,1,0.0
occurred,1,0.0
loaded,1,0.0
exploding,1,0.0
experts,1,0.0
monizcardozo,1,0.0
wkyc,1,0.0
currently,1,0.0
super,1,0.5994
hazy,1,0.0
per,1,0.0
stay,1,0.0
everybody,1,0.0
thaddog,1,0.0
somthing,1,0.0
praycalifornia,1,0.0
immediately,1,0.0
webdesign,1,0.0
calamity,1,0.0
scenes,1,0.0
shocking,1,-0.4019
backdrop,1,0.0
scary,1,-0.4939
tvtye,1,0.0
rinconmusic,1,0.0
winecountry,1,0.0
jerusalempost,1,0.0
jewish,1,0.0
garyktm,1,0.0
biggest,1,0.0
colleagues,1,0.0
tuesdays,1,0.0
separate,1,0.0
email,1,0.0
essentials,1,0.0
winecountryfire,1,0.0
recorded,1,0.0
nbcsports,1,0.0
champion,1,0.5994
blackandwhitephotography,1,0.0
thisisinsider,1,0.0
bcpoli,1,0.0
placer,1,0.0
shrouded,1,0.0
spann,1,0.0
grade,1,0.0
arirang,1,0.0
promises,1,0.3818
sleeping,1,0.0
surprise,1,0.2732
treated,1,0.0
intact,1,0.2023
vicewhy,1,0.0
newsarama,1,0.0
museum,1,0.0
seattle,1,0.0
wellknown,1,0.0
professor,1,0.0
countys,1,0.0
ne,1,0.0
mondaycafires,1,0.0
march,1,0.0
vicenews,1,0.0
eeee,1,0.0
texas,1,0.0
smokey,1,0.0
adversely,1,-0.2023
leachdeanna,1,0.0
satan,1,0.0
hates,1,-0.4404
deniers,1,-0.2732
shown,1,0.0
vintages,1,0.0
tiffany,1,0.0
hsu,1,0.0
plenty,1,0.0
halt,1,0.0
thick,1,0.0
centenarian,1,0.0
leaving,1,0.0
bvdbrug,1,0.0
ordered,1,0.0
publicadjusters,1,0.0
sunformer,1,0.0
oilers,1,0.0
goalie,1,0.0
grant,1,0.3612
fuhr,1,0.0
cy,1,0.0
swan,1,0.0
ranching,1,0.0
forged,1,0.0
californiawhy,1,0.0
startso,1,0.0
sadb,1,0.0
beauty,1,0.5859
mariavinci,1,0.0
grapes,1,0.0
yo,1,0.0
inspect,1,0.0
royal,1,0.0
bret,1,0.0
saberhagen,1,0.0
twice,1,0.0
manager,1,0.0
tmj,1,0.0
wisconsinnatives,1,0.0
reasons,1,0.0
benwizner,1,0.0
en,1,0.0
route,1,0.0
toss,1,0.0
balloons,1,0.0
alexia,1,0.0
gayfever,1,0.0
according,1,0.0
struck,1,-0.25
hollywood,1,0.0
utc,1,0.0
fills,1,0.0
safari,1,0.0
parks,1,0.0
seconds,1,0.0
pledges,1,0.0
travellers,1,0.0
alliance,1,0.0
praying,1,0.3612
psalm,1,0.0
esv,1,0.0
create,1,0.2732
communication,1,0.0
problems,1,-0.4019
perspective,1,0.0
sheriffs,1,0.0
created,1,0.25
dated,1,0.0
prisonplanet,1,0.0
aqua,1,0.0
missi,1,0.0
businesses,1,0.0
nasaearthdata,1,0.0
moradnews,1,0.0
ankle,1,0.0
upcoming,1,0.0
bout,1,0.0
doubt,1,-0.3612
worlds,1,0.0
timelapse,1,0.0
thv,1,0.0
nighttime,1,0.0
imaging,1,0.0
drifting,1,0.0
cold,1,0.0
office,1,0.0
trigger,1,0.0
employer,1,0.0
winemaker,1,0.0
liverliplouie,1,0.0
deep,1,0.0
barn,1,0.0
personnel,1,0.0
aiding,1,0.0
droughts,1,0.0
something,1,0.0
realomarnavarro,1,0.0
schnauzermom,1,0.0
wars,1,-0.5574
consumed,1,0.0
pd,1,0.0
rapidly,1,0.0
approaches,1,0.0
oakmont,1,0.0
coloradobased,1,0.0
blue,1,0.0
kamalaharris,1,0.0
yeeitsanthonyy,1,0.0
coping,1,0.0
harvests,1,0.0
senators,1,0.0
hastened,1,0.0
cardinal,1,0.0
newman,1,0.0
disneys,1,0.0
remarks,1,0.0
adventure,1,0.3182
seemed,1,0.0
pelosi,1,0.0
uniocracy,1,0.0
targeted,1,0.0
nwo,1,0.0
earthchanges,1,0.0
outer,1,0.0
bemidji,1,0.0
morgan,1,0.0
overreacted,1,-0.4019
pcg,1,0.0
rains,1,0.0
technology,1,0.0
phenomena,1,0.0
mastermind,1,0.0
carrying,1,0.0
pit,1,0.0
bull,1,0.0
uplifting,1,0.0
ontheground,1,0.0
account,1,0.0
reunion,1,0.0
done,1,0.0
happens,1,0.0
stanley,1,0.0
themgtgt,1,0.0
resistance,1,0.0
hid,1,-0.1027
documented,1,0.0
bbgdistribution,1,0.0
specialized,1,0.0
organizing,1,0.0
restore,1,0.296
mond,1,0.0
cbssacramento,1,0.0
liability,1,-0.2023
eatersf,1,0.0
homefriendsschoolfire,1,0.0
deptut,1,0.0
fateful,1,0.0
splitsecond,1,0.0
decisions,1,0.0
fishstudios,1,0.0
notices,1,0.0
lovetrumpshate,1,0.0
happening,1,0.0
removed,1,0.0
conviction,1,0.0
graphic,1,0.0
metalocus,1,0.0
spend,1,0.0
sleepless,1,0.0
nights,1,0.0
unique,1,0.0
cajunjarhead,1,0.0
trembling,1,-0.3612
renews,1,0.0
fears,1,-0.4215
nworeport,1,0.0
underway,1,0.0
riggedit,1,0.0
shaking,1,-0.1779
goldmans,1,0.0
episode,1,0.0
eight,1,0.0
podcast,1,0.0
herd,1,0.0
vague,1,-0.1027
condolences,1,0.0
patchwork,1,0.0
fans,1,0.0
boy,1,0.0
baseball,1,0.0
chive,1,0.0
feeds,1,0.0
bbq,1,0.0
derangedradio,1,0.0
tortoise,1,0.0
lift,1,0.0
wheelbarrow,1,0.0
west,1,0.0
dpm,1,0.0
lds,1,0.0
enforcement,1,0.0
text,1,0.0
pilots,1,0.0
faas,1,0.0
restrictions,1,0.0
hotshots,1,0.0
inspiration,1,0.5267
sensible,1,0.0
oped,1,0.0
paragraph,1,0.0
archives,1,0.0
vow,1,0.0
brewbound,1,0.0
stone,1,0.0
permit,1,0.0
rebirth,1,0.0
accumulation,1,0.0
faanews,1,0.0
renewable,1,0.0
pc,1,0.0
stream,1,0.0
outage,1,0.0
placentia,1,0.0
dailyrepublic,1,0.0
minn,1,0.0
author,1,0.0
sophia,1,0.0
sciarappa,1,0.0
ssciarappa,1,0.0
pri,1,0.0
bilingual,1,0.0
connecting,1,0.0
briefbrookdale,1,0.0
cos,1,0.0
spouted,1,0.0
mile,1,0.0
awhile,1,0.0
kob,1,0.0
musician,1,0.0
mourn,1,-0.4215
doubly,1,0.0
board,1,0.0
drawing,1,0.0
probes,1,0.0
hammer,1,0.0
illustration,1,0.0
sale,1,0.0
neuco,1,0.0
neucogroup,1,0.0
tender,1,0.0
vehicle,1,0.0
accident,1,-0.4767
qmc,1,0.0
takeaways,1,0.0
significant,1,0.2023
unharmed,1,0.0
survivals,1,0.0
restoration,1,0.0
wells,1,0.25
yemioloyedeblog,1,0.0
latinos,1,0.0
struggling,1,-0.4215
spanishlanguage,1,0.0
indiscriminate,1,0.0
fury,1,-0.5719
atms,1,0.0
letter,1,0.0
accepting,1,0.3818
survive,1,0.0
prove,1,0.0
gore,1,0.0
writes,1,0.0
touching,1,0.0
restless,1,-0.2732
united,1,0.4215
player,1,0.0
soot,1,0.0
calif,1,0.0
reallife,1,0.0
hobby,1,0.0
heartbreak,1,-0.5719
perseverance,1,0.0
vineyard,1,0.0
salvation,1,0.0
become,1,0.0
bigger,1,0.0
deadlier,1,0.0
allowed,1,0.0
topnews,1,0.0
pinay,1,0.0
caregiver,1,0.0
abscbn,1,0.0
crippling,1,0.0
kvrr,1,0.0
ray,1,0.0
invaders,1,0.0
braving,1,0.0
decimated,1,0.0
globalnews,1,0.0
filipino,1,0.0
dfa,1,0.0
donaldjtrumpjr,1,0.0
donaldjtrump,1,0.0
californiawild,1,0.0
wmelted,1,0.0
rims,1,0.0
bs,1,0.0
cliffmassweather,1,0.0
liveleak,1,0.0
giant,1,0.0
process,1,0.0
filipina,1,0.0
firescorched,1,0.0
tony,1,0.0
mapped,1,0.0
arcmap,1,0.0
dataviz,1,0.0
athousands,1,0.0
nypost,1,0.0
housefire,1,0.0
ignites,1,0.0
hillside,1,0.0
reporting,1,0.0
felt,1,0.0
war,1,-0.5994
australia,1,0.0
glad,1,0.4588
infamous,1,0.0
shaping,1,0.0
abcarianlat,1,0.0
frap,1,0.0
leading,1,0.0
payouts,1,0.0
equipment,1,0.0
cover,1,0.0
bearfire,1,0.0
crk,1,0.0
rd,1,0.0
fearless,1,0.4404
goatherding,1,0.0
abandon,1,-0.4404
flock,1,0.0
cnasa,1,0.0
showed,1,0.0
spacec,1,0.0
rookie,1,0.0
tanner,1,0.0
trauma,1,-0.4215
californiadrone,1,0.0
sanchezap,1,0.0
marcio,1,0.0
smolders,1,0.0
lewis,1,0.0
outdoors,1,0.0
mendocino,1,0.0
ave,1,0.0
kaiser,1,0.0
vs,1,0.0
cnnphnewday,1,0.0
navigating,1,0.0
obstacles,1,-0.3818
hobbyist,1,0.0
disruptions,1,-0.34
becoming,1,0.0
unexpectedly,1,0.0
volunteering,1,0.0
depended,1,0.0
phone,1,0.0
businesswoman,1,0.0
sally,1,0.0
different,1,0.0
leg,1,0.0
tooke,1,0.0
brokerage,1,0.0
humans,1,0.0
step,1,0.0
uas,1,0.0
used,1,0.0
litter,1,0.0
ok,1,0.296
blanket,1,0.0
pollutants,1,0.0
risks,1,-0.2732
sciambra,1,0.0
material,1,0.0
goods,1,0.0
increases,1,0.0
killertigger,1,0.0
ohnoshetwitnt,1,0.0
card,1,0.0
dinosaurdynasty,1,0.0
unveils,1,0.0
ravages,1,0.0
cossins,1,0.0
inmate,1,0.0
californiatexas,1,0.0
puerto,1,0.0
rico,1,0.0
europe,1,0.0
pounded,1,0.0
wildfiresgt,1,0.0
celebrity,1,0.0
hair,1,0.0
review,1,0.0
maryland,1,0.0
lawsuit,1,-0.2263
impeach,1,0.0
americans,1,0.0
organizes,1,0.0
burnedout,1,0.0
mtg,1,0.0
body,1,0.0
carried,1,0.0
standby,1,0.0
expensive,1,0.0
searchers,1,0.0
chp,1,0.0
diegan,1,0.0
stern,1,0.0
operators,1,0.0
displays,1,0.0
interest,1,0.4588
heroic,1,0.5574
refused,1,-0.296
operation,1,0.0
basketball,1,0.0
pioneer,1,0.0
miserably,1,-0.4767
cujedo,1,0.0
released,1,0.0
apwestregion,1,0.0
aps,1,0.0
complete,1,0.0
fly,1,0.0
urgent,1,0.2023
jameshotham,1,0.0
curious,1,0.3182
forrest,1,0.0
trippy,1,0.0
shit,1,-0.5574
evilindisguise,1,0.0
wgnnews,1,0.0
duffel,1,0.0
fg,1,0.0
failed,1,-0.5106
rgolucky,1,0.0
became,1,0.0
investing,1,0.0
feel,1,0.0
bounds,1,0.0
greet,1,0.3182
huddled,1,0.0
sentence,1,0.0772
ago,1,0.0
fucking,1,0.0
count,1,0.0
emerge,1,0.0
four,1,0.0
discovers,1,0.0
boxer,1,0.0
shorts,1,0.0
shaken,1,-0.0772
usadog,1,0.0
maffs,1,0.0
ship,1,0.0
evansernoffsky,1,0.0
favorable,1,0.4767
rush,1,0.0
eastern,1,0.0
redflag,1,0.0
containing,1,0.0
ecalifornia,1,0.0
kitties,1,0.0
pope,1,0.0
francis,1,0.0
prayer,1,0.0
icn,1,0.0
main,1,0.0
shipping,1,0.0
cargo,1,0.0
containers,1,0.0
bapscharities,1,0.0
ignoring,1,-0.4019
airtankers,1,0.0
hes,1,0.0
northwen,1,0.0
sundays,1,0.0
paper,1,0.0
unbelievable,1,0.2023
teaser,1,-0.25
harm,1,-0.5423
beyond,1,0.0
narrow,1,0.0
neither,1,0.0
snow,1,0.0
stops,1,-0.1531
carrier,1,0.0
usrealitycheck,1,0.0
cry,1,-0.4767
trage,1,0.0
memes,1,0.0
upper,1,0.0
driven,1,0.0
forty,1,0.0
mdmgradionews,1,0.0
black,1,0.0
photograph,1,0.0
loveliest,1,0.0
countryside,1,0.0
transformed,1,0.0
reunite,1,0.0
pup,1,0.0
commercegov,1,0.0
solutions,1,0.1779
references,1,0.0
weaknesses,1,-0.3612
cellphone,1,0.0
era,1,0.0
izzy,1,0.0
served,1,0.0
sea,1,0.0
mattaabraham,1,0.0
stand,1,0.0
hng,1,0.0
forgot,1,0.0
ampaposnobody,1,0.0
trains,1,0.0
thisampapos,1,0.0
melting,1,0.0
floridamedcard,1,0.0
florid,1,0.0
selection,1,0.0
sunday,1,0.0
pages,1,0.0
focusing,1,0.0
jeopardize,1,0.0
devastatingly,1,-0.5267
arbitrary,1,0.0
freddie,1,0.0
mac,1,0.0
policies,1,0.0
exempt,1,0.1027
rallies,1,0.0
friday,1,0.0
travelleisure,1,0.0
pregnant,1,0.0
biked,1,0.0
stir,1,0.0
presumed,1,0.0
guys,1,0.0
crime,1,-0.5423
usanews,1,0.0
engine,1,0.0
heads,1,0.0
beating,1,-0.4588
tremendous,1,0.0
mdbarba,1,0.0
husband,1,0.0
clinging,1,0.0
northjersey,1,0.0
ophirgottlieb,1,0.0
inbox,1,0.0
sarah,1,0.0
craig,1,0.0
ithe,1,0.0
intern,1,0.0
petenajarian,1,0.0
canuckusa,1,0.0
newnormal,1,0.0
aarp,1,0.0
kareenews,1,0.0
dc,1,0.0
corona,1,0.0
catastrophe,1,-0.6597
pseampg,1,0.0
container,1,0.0
charitywatch,1,0.0
blowing,1,0.0
secede,1,0.0
gospel,1,0.0
bucket,1,0.0
gulf,1,0.0
saudiarabia,1,0.0
saudimediaonair,1,0.0
directed,1,0.0
weapons,1,-0.4404
hesitation,1,-0.2732
proved,1,0.0
engines,1,0.0
ozarksfirst,1,0.0
kolr,1,0.0
mikeljollett,1,0.0
moonbeam,1,0.0
unseen,1,0.0
eternal,1,0.0
solidarity,1,0.296
boise,1,0.0
buying,1,0.0
lynne,1,0.0
powell,1,0.0
retired,1,0.0
symphony,1,0.0
geoterrorism,1,0.0
justice,1,0.5267
justus,1,0.0
choking,1,-0.4588
livelihoods,1,0.2263
pwtn,1,0.0
sodom,1,0.0
gomorrah,1,0.0
sin,1,-0.5574
implode,1,0.0
bodycam,1,0.0
bernese,1,0.0
thankful,1,0.5719
topic,1,0.0
okay,1,0.2263
firm,1,0.0
foothold,1,0.0
services,1,0.0
conference,1,0.0
ddd,1,0.0
theresistance,1,0.0
showers,1,0.0
industries,1,0.0
chef,1,0.0
reason,1,0.0
typhoon,1,0.0
polluted,1,-0.4588
adventistreview,1,0.0
adventist,1,0.0
bitcoin,1,0.0
armies,1,0.0
flying,1,0.0
neighbor,1,0.0
youtube,1,0.0
mothers,1,0.0
artisticthursday,1,0.0
morningexpressktn,1,0.0
posttropical,1,0.0
cyclone,1,0.0
ophelia,1,0.0
stormhour,1,0.0
buddhists,1,0.0
monasteries,1,0.0
buddhism,1,0.0
untouched,1,0.0
additional,1,0.0
nevada,1,0.0
impac,1,0.0
truth,1,0.3182
nerds,1,0.0
descends,1,0.0
urquhartreuters,1,0.0
pakistan,1,0.0
washtimes,1,0.0
planning,1,0.0
repopulation,1,0.0
googlemaps,1,0.0
newyorkcity,1,0.0
crossmaker,1,0.0
delays,1,0.0
flights,1,0.0
nonsense,1,-0.4019
spectrummag,1,0.0
pacific,1,0.0
pucnow,1,0.0
easing,1,0.25
conflagration,1,0.0
east,1,0.0
quality,1,0.0
napavalley,1,0.0
defend,1,0.0
paid,1,0.0
singlehandedly,1,0.0
wildlife,1,0.0
preserve,1,0.0
taking,1,0.0
ringing,1,0.0
actonclimate,1,0.0
offered,1,0.0
haircuts,1,0.0
chiropractic,1,0.0
races,1,0.0
runners,1,0.0
warns,1,-0.1027
sen,1,0.0
ive,1,0.0
farmhouse,1,0.0
monterey,1,0.0
carmel,1,0.0
yorkfire,1,0.0
makers,1,0.0
reunites,1,0.0
sandiegonewz,1,0.0
diegans,1,0.0
reuterstv,1,0.0
maui,1,0.0
brewing,1,0.0
californiaamps,1,0.0
carmen,1,0.0
mcreynolds,1,0.0
gal,1,0.0
lemonade,1,0.0
series,1,0.0
bailey,1,0.0
recover,1,0.0
boost,1,0.4019
streets,1,0.0
swimming,1,0.0
shark,1,0.0
remembered,1,0.0
strikes,1,-0.3612
cannatechnews,1,0.0
wouldnt,1,0.0
soulcrushing,1,0.0
react,1,0.0
dornbach,1,0.0
fragile,1,0.0
budgets,1,0.0
stubborn,1,-0.4019
asks,1,0.0
sharon,1,0.0
robinson,1,0.0
named,1,0.0
strained,1,-0.4019
writer,1,0.0
